{"type": "metrics", "dataset": "train", "precision": 0.8216190476190476, "balanced_accuracy": 0.6671074568054373, "recall": 0.6671074568054373, "f1_score": 0.6926283121481593}
{"type": "metrics", "dataset": "test", "precision": 0.8284444444444444, "balanced_accuracy": 0.670056459028218, "recall": 0.670056459028218, "f1_score": 0.6954054089125394}
{"type": "cm_matrix", "dataset": "train", "true_0": {"predicted_0": 15441, "predicted_1": 844}, "true_1": {"predicted_0": 2902, "predicted_1": 1825}}
{"type": "cm_matrix", "dataset": "test", "true_0": {"predicted_0": 6711, "predicted_1": 389}, "true_1": {"predicted_0": 1155, "predicted_1": 754}}
